,Country_or_area,Year(s),Value,Metric type,Value type,Age group,Gender,Metric ID,Start age,End age,Code,is_currency
0,Afghanistan,2012,60,Cellular Subscribers,per 100 pop,All,All,CS1,0,130,4,No
1,Afghanistan,2011,54,Cellular Subscribers,per 100 pop,All,All,CS2,0,130,4,No
2,Afghanistan,2010,41,Cellular Subscribers,per 100 pop,All,All,CS3,0,130,4,No
3,Albania,2012,111,Cellular Subscribers,per 100 pop,All,All,CS4,0,130,8,No
4,Albania,2011,96,Cellular Subscribers,per 100 pop,All,All,CS5,0,130,8,No
5,Albania,2010,142,Cellular Subscribers,per 100 pop,All,All,CS6,0,130,8,No
6,Algeria,2012,98,Cellular Subscribers,per 100 pop,All,All,CS7,0,130,12,No
7,Algeria,2011,99,Cellular Subscribers,per 100 pop,All,All,CS8,0,130,12,No
8,Algeria,2010,92,Cellular Subscribers,per 100 pop,All,All,CS9,0,130,12,No
9,Andorra,2012,81,Cellular Subscribers,per 100 pop,All,All,CS10,0,130,20,No
10,Andorra,2011,75,Cellular Subscribers,per 100 pop,All,All,CS11,0,130,20,No
11,Andorra,2010,77,Cellular Subscribers,per 100 pop,All,All,CS12,0,130,20,No
12,Angola,2012,47,Cellular Subscribers,per 100 pop,All,All,CS13,0,130,24,No
13,Angola,2011,48,Cellular Subscribers,per 100 pop,All,All,CS14,0,130,24,No
14,Angola,2010,47,Cellular Subscribers,per 100 pop,All,All,CS15,0,130,24,No
15,Antigua and Barbuda,2012,143,Cellular Subscribers,per 100 pop,All,All,CS16,0,130,28,No
16,Antigua and Barbuda,2011,196,Cellular Subscribers,per 100 pop,All,All,CS17,0,130,28,No
17,Antigua and Barbuda,2010,189,Cellular Subscribers,per 100 pop,All,All,CS18,0,130,28,No
18,Argentina,2012,152,Cellular Subscribers,per 100 pop,All,All,CS19,0,130,32,No
19,Argentina,2011,135,Cellular Subscribers,per 100 pop,All,All,CS20,0,130,32,No
20,Argentina,2010,142,Cellular Subscribers,per 100 pop,All,All,CS21,0,130,32,No
21,Armenia,2012,112,Cellular Subscribers,per 100 pop,All,All,CS22,0,130,51,No
22,Armenia,2011,104,Cellular Subscribers,per 100 pop,All,All,CS23,0,130,51,No
23,Armenia,2010,125,Cellular Subscribers,per 100 pop,All,All,CS24,0,130,51,No
24,Australia,2012,106,Cellular Subscribers,per 100 pop,All,All,CS25,0,130,36,No
25,Australia,2011,108,Cellular Subscribers,per 100 pop,All,All,CS26,0,130,36,No
26,Australia,2010,101,Cellular Subscribers,per 100 pop,All,All,CS27,0,130,36,No
27,Austria,2012,161,Cellular Subscribers,per 100 pop,All,All,CS28,0,130,40,No
28,Austria,2011,155,Cellular Subscribers,per 100 pop,All,All,CS29,0,130,40,No
29,Austria,2010,146,Cellular Subscribers,per 100 pop,All,All,CS30,0,130,40,No
30,Azerbaijan,2012,109,Cellular Subscribers,per 100 pop,All,All,CS31,0,130,31,No
31,Azerbaijan,2011,109,Cellular Subscribers,per 100 pop,All,All,CS32,0,130,31,No
32,Azerbaijan,2010,99,Cellular Subscribers,per 100 pop,All,All,CS33,0,130,31,No
33,Bahamas,2012,81,Cellular Subscribers,per 100 pop,All,All,CS34,0,130,44,No
34,Bahamas,2011,86,Cellular Subscribers,per 100 pop,All,All,CS35,0,130,44,No
35,Bahamas,2010,125,Cellular Subscribers,per 100 pop,All,All,CS36,0,130,44,No
36,Bahrain,2012,161,Cellular Subscribers,per 100 pop,All,All,CS37,0,130,48,No
37,Bahrain,2011,128,Cellular Subscribers,per 100 pop,All,All,CS38,0,130,48,No
38,Bahrain,2010,124,Cellular Subscribers,per 100 pop,All,All,CS39,0,130,48,No
39,Bangladesh,2012,63,Cellular Subscribers,per 100 pop,All,All,CS40,0,130,50,No
40,Bangladesh,2011,56,Cellular Subscribers,per 100 pop,All,All,CS41,0,130,50,No
41,Bangladesh,2010,46,Cellular Subscribers,per 100 pop,All,All,CS42,0,130,50,No
42,Barbados,2012,123,Cellular Subscribers,per 100 pop,All,All,CS43,0,130,52,No
43,Barbados,2011,127,Cellular Subscribers,per 100 pop,All,All,CS44,0,130,52,No
44,Barbados,2010,128,Cellular Subscribers,per 100 pop,All,All,CS45,0,130,52,No
45,Belarus,2012,114,Cellular Subscribers,per 100 pop,All,All,CS46,0,130,112,No
46,Belarus,2011,112,Cellular Subscribers,per 100 pop,All,All,CS47,0,130,112,No
47,Belarus,2010,108,Cellular Subscribers,per 100 pop,All,All,CS48,0,130,112,No
48,Belgium,2012,111,Cellular Subscribers,per 100 pop,All,All,CS49,0,130,56,No
49,Belgium,2011,117,Cellular Subscribers,per 100 pop,All,All,CS50,0,130,56,No
50,Belgium,2010,113,Cellular Subscribers,per 100 pop,All,All,CS51,0,130,56,No
51,Belize,2012,53,Cellular Subscribers,per 100 pop,All,All,CS52,0,130,84,No
52,Belize,2011,70,Cellular Subscribers,per 100 pop,All,All,CS53,0,130,84,No
53,Belize,2010,62,Cellular Subscribers,per 100 pop,All,All,CS54,0,130,84,No
54,Benin,2012,84,Cellular Subscribers,per 100 pop,All,All,CS55,0,130,204,No
55,Benin,2011,85,Cellular Subscribers,per 100 pop,All,All,CS56,0,130,204,No
56,Benin,2010,80,Cellular Subscribers,per 100 pop,All,All,CS57,0,130,204,No
57,Bhutan,2012,76,Cellular Subscribers,per 100 pop,All,All,CS58,0,130,64,No
58,Bhutan,2011,66,Cellular Subscribers,per 100 pop,All,All,CS59,0,130,64,No
59,Bhutan,2010,54,Cellular Subscribers,per 100 pop,All,All,CS60,0,130,64,No
60,Bolivia (Plurinational State of),2012,90,Cellular Subscribers,per 100 pop,All,All,CS61,0,130,68,No
61,Bolivia (Plurinational State of),2011,83,Cellular Subscribers,per 100 pop,All,All,CS62,0,130,68,No
62,Bolivia (Plurinational State of),2010,72,Cellular Subscribers,per 100 pop,All,All,CS63,0,130,68,No
63,Bosnia and Herzegovina,2012,88,Cellular Subscribers,per 100 pop,All,All,CS64,0,130,70,No
64,Bosnia and Herzegovina,2011,85,Cellular Subscribers,per 100 pop,All,All,CS65,0,130,70,No
65,Bosnia and Herzegovina,2010,83,Cellular Subscribers,per 100 pop,All,All,CS66,0,130,70,No
66,Botswana,2012,154,Cellular Subscribers,per 100 pop,All,All,CS67,0,130,72,No
67,Botswana,2011,143,Cellular Subscribers,per 100 pop,All,All,CS68,0,130,72,No
68,Botswana,2010,118,Cellular Subscribers,per 100 pop,All,All,CS69,0,130,72,No
69,Brazil,2012,125,Cellular Subscribers,per 100 pop,All,All,CS70,0,130,76,No
70,Brazil,2011,124,Cellular Subscribers,per 100 pop,All,All,CS71,0,130,76,No
71,Brazil,2010,104,Cellular Subscribers,per 100 pop,All,All,CS72,0,130,76,No
72,Brunei Darussalam,2012,114,Cellular Subscribers,per 100 pop,All,All,CS73,0,130,96,No
73,Brunei Darussalam,2011,109,Cellular Subscribers,per 100 pop,All,All,CS74,0,130,96,No
74,Brunei Darussalam,2010,109,Cellular Subscribers,per 100 pop,All,All,CS75,0,130,96,No
75,Bulgaria,2012,148,Cellular Subscribers,per 100 pop,All,All,CS76,0,130,100,No
76,Bulgaria,2011,141,Cellular Subscribers,per 100 pop,All,All,CS77,0,130,100,No
77,Bulgaria,2010,136,Cellular Subscribers,per 100 pop,All,All,CS78,0,130,100,No
78,Burkina Faso,2012,61,Cellular Subscribers,per 100 pop,All,All,CS79,0,130,854,No
79,Burkina Faso,2011,45,Cellular Subscribers,per 100 pop,All,All,CS80,0,130,854,No
80,Burkina Faso,2010,35,Cellular Subscribers,per 100 pop,All,All,CS81,0,130,854,No
81,Burundi,2012,23,Cellular Subscribers,per 100 pop,All,All,CS82,0,130,108,No
82,Burundi,2011,22,Cellular Subscribers,per 100 pop,All,All,CS83,0,130,108,No
83,Burundi,2010,14,Cellular Subscribers,per 100 pop,All,All,CS84,0,130,108,No
84,Cabo Verde,2012,86,Cellular Subscribers,per 100 pop,All,All,CS85,0,130,132,No
85,Cabo Verde,2011,79,Cellular Subscribers,per 100 pop,All,All,CS86,0,130,132,No
86,Cabo Verde,2010,75,Cellular Subscribers,per 100 pop,All,All,CS87,0,130,132,No
87,Cambodia,2012,129,Cellular Subscribers,per 100 pop,All,All,CS88,0,130,116,No
88,Cambodia,2011,96,Cellular Subscribers,per 100 pop,All,All,CS89,0,130,116,No
89,Cambodia,2010,58,Cellular Subscribers,per 100 pop,All,All,CS90,0,130,116,No
90,Cameroon,2012,60,Cellular Subscribers,per 100 pop,All,All,CS91,0,130,120,No
91,Cameroon,2011,52,Cellular Subscribers,per 100 pop,All,All,CS92,0,130,120,No
92,Cameroon,2010,44,Cellular Subscribers,per 100 pop,All,All,CS93,0,130,120,No
93,Canada,2012,80,Cellular Subscribers,per 100 pop,All,All,CS94,0,130,124,No
94,Canada,2011,80,Cellular Subscribers,per 100 pop,All,All,CS95,0,130,124,No
95,Canada,2010,71,Cellular Subscribers,per 100 pop,All,All,CS96,0,130,124,No
96,Central African Republic,2012,25,Cellular Subscribers,per 100 pop,All,All,CS97,0,130,140,No
97,Central African Republic,2011,41,Cellular Subscribers,per 100 pop,All,All,CS98,0,130,140,No
98,Central African Republic,2010,22,Cellular Subscribers,per 100 pop,All,All,CS99,0,130,140,No
99,Chad,2012,35,Cellular Subscribers,per 100 pop,All,All,CS100,0,130,148,No
100,Chad,2011,32,Cellular Subscribers,per 100 pop,All,All,CS101,0,130,148,No
101,Chad,2010,24,Cellular Subscribers,per 100 pop,All,All,CS102,0,130,148,No
102,Chile,2012,138,Cellular Subscribers,per 100 pop,All,All,CS103,0,130,152,No
103,Chile,2011,130,Cellular Subscribers,per 100 pop,All,All,CS104,0,130,152,No
104,Chile,2010,116,Cellular Subscribers,per 100 pop,All,All,CS105,0,130,152,No
105,China,2012,80,Cellular Subscribers,per 100 pop,All,All,CS106,0,130,156,No
106,China,2011,73,Cellular Subscribers,per 100 pop,All,All,CS107,0,130,156,No
107,China,2010,64,Cellular Subscribers,per 100 pop,All,All,CS108,0,130,156,No
108,Colombia,2012,103,Cellular Subscribers,per 100 pop,All,All,CS109,0,130,170,No
109,Colombia,2011,98,Cellular Subscribers,per 100 pop,All,All,CS110,0,130,170,No
110,Colombia,2010,96,Cellular Subscribers,per 100 pop,All,All,CS111,0,130,170,No
111,Comoros,2012,40,Cellular Subscribers,per 100 pop,All,All,CS112,0,130,174,No
112,Comoros,2011,29,Cellular Subscribers,per 100 pop,All,All,CS113,0,130,174,No
113,Comoros,2010,22,Cellular Subscribers,per 100 pop,All,All,CS114,0,130,174,No
114,Congo,2012,99,Cellular Subscribers,per 100 pop,All,All,CS115,0,130,178,No
115,Congo,2011,94,Cellular Subscribers,per 100 pop,All,All,CS116,0,130,178,No
116,Congo,2010,94,Cellular Subscribers,per 100 pop,All,All,CS117,0,130,178,No
117,Cook Islands,2010,38,Cellular Subscribers,per 100 pop,All,All,CS118,0,130,184,No
118,Costa Rica,2012,112,Cellular Subscribers,per 100 pop,All,All,CS119,0,130,188,No
119,Costa Rica,2011,92,Cellular Subscribers,per 100 pop,All,All,CS120,0,130,188,No
120,Costa Rica,2010,65,Cellular Subscribers,per 100 pop,All,All,CS121,0,130,188,No
121,Côte dIvoire,2012,91,Cellular Subscribers,per 100 pop,All,All,CS122,0,130,384,No
122,Côte dIvoire,2011,86,Cellular Subscribers,per 100 pop,All,All,CS123,0,130,384,No
123,Côte dIvoire,2010,76,Cellular Subscribers,per 100 pop,All,All,CS124,0,130,384,No
124,Croatia,2012,115,Cellular Subscribers,per 100 pop,All,All,CS125,0,130,191,No
125,Croatia,2011,116,Cellular Subscribers,per 100 pop,All,All,CS126,0,130,191,No
126,Croatia,2010,144,Cellular Subscribers,per 100 pop,All,All,CS127,0,130,191,No
127,Cuba,2012,15,Cellular Subscribers,per 100 pop,All,All,CS128,0,130,192,No
128,Cuba,2011,12,Cellular Subscribers,per 100 pop,All,All,CS129,0,130,192,No
129,Cuba,2010,9,Cellular Subscribers,per 100 pop,All,All,CS130,0,130,192,No
130,Cyprus,2012,98,Cellular Subscribers,per 100 pop,All,All,CS131,0,130,196,No
131,Cyprus,2011,98,Cellular Subscribers,per 100 pop,All,All,CS132,0,130,196,No
132,Cyprus,2010,94,Cellular Subscribers,per 100 pop,All,All,CS133,0,130,196,No
133,Czech Republic,2012,127,Cellular Subscribers,per 100 pop,All,All,CS134,0,130,203,No
134,Czech Republic,2011,123,Cellular Subscribers,per 100 pop,All,All,CS135,0,130,203,No
135,Czech Republic,2010,137,Cellular Subscribers,per 100 pop,All,All,CS136,0,130,203,No
136,Democratic Peoples Republic of Korea,2012,7,Cellular Subscribers,per 100 pop,All,All,CS137,0,130,408,No
137,Democratic Peoples Republic of Korea,2011,4,Cellular Subscribers,per 100 pop,All,All,CS138,0,130,408,No
138,Democratic Peoples Republic of Korea,2010,2,Cellular Subscribers,per 100 pop,All,All,CS139,0,130,408,No
139,Democratic Republic of the Congo,2012,31,Cellular Subscribers,per 100 pop,All,All,CS140,0,130,180,No
140,Democratic Republic of the Congo,2011,23,Cellular Subscribers,per 100 pop,All,All,CS141,0,130,180,No
141,Democratic Republic of the Congo,2010,18,Cellular Subscribers,per 100 pop,All,All,CS142,0,130,180,No
142,Denmark,2012,118,Cellular Subscribers,per 100 pop,All,All,CS143,0,130,208,No
143,Denmark,2011,128,Cellular Subscribers,per 100 pop,All,All,CS144,0,130,208,No
144,Denmark,2010,125,Cellular Subscribers,per 100 pop,All,All,CS145,0,130,208,No
145,Djibouti,2012,25,Cellular Subscribers,per 100 pop,All,All,CS146,0,130,262,No
146,Djibouti,2011,21,Cellular Subscribers,per 100 pop,All,All,CS147,0,130,262,No
147,Djibouti,2010,19,Cellular Subscribers,per 100 pop,All,All,CS148,0,130,262,No
148,Dominica,2012,152,Cellular Subscribers,per 100 pop,All,All,CS149,0,130,212,No
149,Dominica,2011,164,Cellular Subscribers,per 100 pop,All,All,CS150,0,130,212,No
150,Dominica,2010,156,Cellular Subscribers,per 100 pop,All,All,CS151,0,130,212,No
151,Dominican Republic,2012,87,Cellular Subscribers,per 100 pop,All,All,CS152,0,130,214,No
152,Dominican Republic,2011,87,Cellular Subscribers,per 100 pop,All,All,CS153,0,130,214,No
153,Dominican Republic,2010,90,Cellular Subscribers,per 100 pop,All,All,CS154,0,130,214,No
154,Ecuador,2012,106,Cellular Subscribers,per 100 pop,All,All,CS155,0,130,218,No
155,Ecuador,2011,105,Cellular Subscribers,per 100 pop,All,All,CS156,0,130,218,No
156,Ecuador,2010,102,Cellular Subscribers,per 100 pop,All,All,CS157,0,130,218,No
157,Egypt,2012,120,Cellular Subscribers,per 100 pop,All,All,CS158,0,130,818,No
158,Egypt,2011,101,Cellular Subscribers,per 100 pop,All,All,CS159,0,130,818,No
159,Egypt,2010,87,Cellular Subscribers,per 100 pop,All,All,CS160,0,130,818,No
160,El Salvador,2012,137,Cellular Subscribers,per 100 pop,All,All,CS161,0,130,222,No
161,El Salvador,2011,134,Cellular Subscribers,per 100 pop,All,All,CS162,0,130,222,No
162,El Salvador,2010,124,Cellular Subscribers,per 100 pop,All,All,CS163,0,130,222,No
163,Equatorial Guinea,2012,68,Cellular Subscribers,per 100 pop,All,All,CS164,0,130,226,No
164,Equatorial Guinea,2011,59,Cellular Subscribers,per 100 pop,All,All,CS165,0,130,226,No
165,Equatorial Guinea,2010,57,Cellular Subscribers,per 100 pop,All,All,CS166,0,130,226,No
166,Eritrea,2012,5,Cellular Subscribers,per 100 pop,All,All,CS167,0,130,232,No
167,Eritrea,2011,4,Cellular Subscribers,per 100 pop,All,All,CS168,0,130,232,No
168,Eritrea,2010,4,Cellular Subscribers,per 100 pop,All,All,CS169,0,130,232,No
169,Estonia,2012,160,Cellular Subscribers,per 100 pop,All,All,CS170,0,130,233,No
170,Estonia,2011,139,Cellular Subscribers,per 100 pop,All,All,CS171,0,130,233,No
171,Estonia,2010,123,Cellular Subscribers,per 100 pop,All,All,CS172,0,130,233,No
172,Ethiopia,2012,22,Cellular Subscribers,per 100 pop,All,All,CS173,0,130,231,No
173,Ethiopia,2012,22,Cellular Subscribers,per 100 pop,All,All,CS173,0,130,230,No
174,Ethiopia,2011,17,Cellular Subscribers,per 100 pop,All,All,CS174,0,130,231,No
175,Ethiopia,2011,17,Cellular Subscribers,per 100 pop,All,All,CS174,0,130,230,No
176,Ethiopia,2010,8,Cellular Subscribers,per 100 pop,All,All,CS175,0,130,231,No
177,Ethiopia,2010,8,Cellular Subscribers,per 100 pop,All,All,CS175,0,130,230,No
178,Fiji,2012,98,Cellular Subscribers,per 100 pop,All,All,CS176,0,130,242,No
179,Fiji,2011,84,Cellular Subscribers,per 100 pop,All,All,CS177,0,130,242,No
180,Fiji,2010,81,Cellular Subscribers,per 100 pop,All,All,CS178,0,130,242,No
181,Finland,2012,172,Cellular Subscribers,per 100 pop,All,All,CS179,0,130,246,No
182,Finland,2011,166,Cellular Subscribers,per 100 pop,All,All,CS180,0,130,246,No
183,Finland,2010,156,Cellular Subscribers,per 100 pop,All,All,CS181,0,130,246,No
184,France,2012,97,Cellular Subscribers,per 100 pop,All,All,CS182,0,130,250,No
185,France,2011,95,Cellular Subscribers,per 100 pop,All,All,CS183,0,130,250,No
186,France,2010,101,Cellular Subscribers,per 100 pop,All,All,CS184,0,130,250,No
187,Gabon,2012,179,Cellular Subscribers,per 100 pop,All,All,CS185,0,130,266,No
188,Gabon,2011,117,Cellular Subscribers,per 100 pop,All,All,CS186,0,130,266,No
189,Gabon,2010,107,Cellular Subscribers,per 100 pop,All,All,CS187,0,130,266,No
190,Gambia,2012,85,Cellular Subscribers,per 100 pop,All,All,CS188,0,130,270,No
191,Gambia,2011,79,Cellular Subscribers,per 100 pop,All,All,CS189,0,130,270,No
192,Gambia,2010,86,Cellular Subscribers,per 100 pop,All,All,CS190,0,130,270,No
193,Georgia,2012,108,Cellular Subscribers,per 100 pop,All,All,CS191,0,130,268,No
194,Georgia,2011,102,Cellular Subscribers,per 100 pop,All,All,CS192,0,130,268,No
195,Georgia,2010,91,Cellular Subscribers,per 100 pop,All,All,CS193,0,130,268,No
196,Germany,2012,112,Cellular Subscribers,per 100 pop,All,All,CS194,0,130,276,No
197,Germany,2011,132,Cellular Subscribers,per 100 pop,All,All,CS195,0,130,276,No
198,Germany,2010,127,Cellular Subscribers,per 100 pop,All,All,CS196,0,130,276,No
199,Ghana,2012,101,Cellular Subscribers,per 100 pop,All,All,CS197,0,130,288,No
200,Ghana,2011,85,Cellular Subscribers,per 100 pop,All,All,CS198,0,130,288,No
201,Ghana,2010,71,Cellular Subscribers,per 100 pop,All,All,CS199,0,130,288,No
202,Greece,2012,120,Cellular Subscribers,per 100 pop,All,All,CS200,0,130,300,No
203,Greece,2011,106,Cellular Subscribers,per 100 pop,All,All,CS201,0,130,300,No
204,Greece,2010,108,Cellular Subscribers,per 100 pop,All,All,CS202,0,130,300,No
205,Grenada,2012,121,Cellular Subscribers,per 100 pop,All,All,CS203,0,130,308,No
206,Grenada,2010,117,Cellular Subscribers,per 100 pop,All,All,CS204,0,130,308,No
207,Guatemala,2012,138,Cellular Subscribers,per 100 pop,All,All,CS205,0,130,320,No
208,Guatemala,2011,140,Cellular Subscribers,per 100 pop,All,All,CS206,0,130,320,No
209,Guatemala,2010,126,Cellular Subscribers,per 100 pop,All,All,CS207,0,130,320,No
210,Guinea,2012,42,Cellular Subscribers,per 100 pop,All,All,CS208,0,130,324,No
211,Guinea,2011,44,Cellular Subscribers,per 100 pop,All,All,CS209,0,130,324,No
212,Guinea,2010,40,Cellular Subscribers,per 100 pop,All,All,CS210,0,130,324,No
213,Guinea-Bissau,2012,63,Cellular Subscribers,per 100 pop,All,All,CS211,0,130,624,No
214,Guinea-Bissau,2011,56,Cellular Subscribers,per 100 pop,All,All,CS212,0,130,624,No
215,Guinea-Bissau,2010,39,Cellular Subscribers,per 100 pop,All,All,CS213,0,130,624,No
216,Guyana,2012,69,Cellular Subscribers,per 100 pop,All,All,CS214,0,130,328,No
217,Guyana,2011,70,Cellular Subscribers,per 100 pop,All,All,CS215,0,130,328,No
218,Guyana,2010,74,Cellular Subscribers,per 100 pop,All,All,CS216,0,130,328,No
219,Haiti,2012,60,Cellular Subscribers,per 100 pop,All,All,CS217,0,130,332,No
220,Haiti,2011,41,Cellular Subscribers,per 100 pop,All,All,CS218,0,130,332,No
221,Haiti,2010,40,Cellular Subscribers,per 100 pop,All,All,CS219,0,130,332,No
222,Honduras,2012,93,Cellular Subscribers,per 100 pop,All,All,CS220,0,130,340,No
223,Honduras,2011,104,Cellular Subscribers,per 100 pop,All,All,CS221,0,130,340,No
224,Honduras,2010,125,Cellular Subscribers,per 100 pop,All,All,CS222,0,130,340,No
225,Hungary,2012,116,Cellular Subscribers,per 100 pop,All,All,CS223,0,130,348,No
226,Hungary,2011,117,Cellular Subscribers,per 100 pop,All,All,CS224,0,130,348,No
227,Hungary,2010,120,Cellular Subscribers,per 100 pop,All,All,CS225,0,130,348,No
228,Iceland,2012,108,Cellular Subscribers,per 100 pop,All,All,CS226,0,130,352,No
229,Iceland,2011,106,Cellular Subscribers,per 100 pop,All,All,CS227,0,130,352,No
230,Iceland,2010,107,Cellular Subscribers,per 100 pop,All,All,CS228,0,130,352,No
231,India,2012,70,Cellular Subscribers,per 100 pop,All,All,CS229,0,130,356,No
232,India,2011,72,Cellular Subscribers,per 100 pop,All,All,CS230,0,130,356,No
233,India,2010,61,Cellular Subscribers,per 100 pop,All,All,CS231,0,130,356,No
234,Indonesia,2012,114,Cellular Subscribers,per 100 pop,All,All,CS232,0,130,360,No
235,Indonesia,2011,103,Cellular Subscribers,per 100 pop,All,All,CS233,0,130,360,No
236,Indonesia,2010,92,Cellular Subscribers,per 100 pop,All,All,CS234,0,130,360,No
237,Iran (Islamic Republic of),2012,76,Cellular Subscribers,per 100 pop,All,All,CS235,0,130,364,No
238,Iran (Islamic Republic of),2011,75,Cellular Subscribers,per 100 pop,All,All,CS236,0,130,364,No
239,Iran (Islamic Republic of),2010,91,Cellular Subscribers,per 100 pop,All,All,CS237,0,130,364,No
240,Iraq,2012,82,Cellular Subscribers,per 100 pop,All,All,CS238,0,130,368,No
241,Iraq,2011,78,Cellular Subscribers,per 100 pop,All,All,CS239,0,130,368,No
242,Iraq,2010,76,Cellular Subscribers,per 100 pop,All,All,CS240,0,130,368,No
243,Ireland,2012,107,Cellular Subscribers,per 100 pop,All,All,CS241,0,130,372,No
244,Ireland,2011,108,Cellular Subscribers,per 100 pop,All,All,CS242,0,130,372,No
245,Ireland,2010,105,Cellular Subscribers,per 100 pop,All,All,CS243,0,130,372,No
246,Israel,2012,121,Cellular Subscribers,per 100 pop,All,All,CS244,0,130,376,No
247,Israel,2011,122,Cellular Subscribers,per 100 pop,All,All,CS245,0,130,376,No
248,Israel,2010,133,Cellular Subscribers,per 100 pop,All,All,CS246,0,130,376,No
249,Italy,2012,160,Cellular Subscribers,per 100 pop,All,All,CS247,0,130,380,No
250,Italy,2011,158,Cellular Subscribers,per 100 pop,All,All,CS248,0,130,380,No
251,Italy,2010,150,Cellular Subscribers,per 100 pop,All,All,CS249,0,130,380,No
252,Jamaica,2012,96,Cellular Subscribers,per 100 pop,All,All,CS250,0,130,388,No
253,Jamaica,2011,108,Cellular Subscribers,per 100 pop,All,All,CS251,0,130,388,No
254,Jamaica,2010,116,Cellular Subscribers,per 100 pop,All,All,CS252,0,130,388,No
255,Japan,2012,111,Cellular Subscribers,per 100 pop,All,All,CS253,0,130,392,No
256,Japan,2012,111,Cellular Subscribers,per 100 pop,All,All,CS253,0,130,392,No
257,Japan,2011,105,Cellular Subscribers,per 100 pop,All,All,CS254,0,130,392,No
258,Japan,2011,105,Cellular Subscribers,per 100 pop,All,All,CS254,0,130,392,No
259,Japan,2010,95,Cellular Subscribers,per 100 pop,All,All,CS255,0,130,392,No
260,Japan,2010,95,Cellular Subscribers,per 100 pop,All,All,CS255,0,130,392,No
261,Jordan,2012,128,Cellular Subscribers,per 100 pop,All,All,CS256,0,130,400,No
262,Jordan,2011,118,Cellular Subscribers,per 100 pop,All,All,CS257,0,130,400,No
263,Jordan,2010,107,Cellular Subscribers,per 100 pop,All,All,CS258,0,130,400,No
264,Kazakhstan,2012,186,Cellular Subscribers,per 100 pop,All,All,CS259,0,130,398,No
265,Kazakhstan,2011,156,Cellular Subscribers,per 100 pop,All,All,CS260,0,130,398,No
266,Kazakhstan,2010,121,Cellular Subscribers,per 100 pop,All,All,CS261,0,130,398,No
267,Kenya,2012,71,Cellular Subscribers,per 100 pop,All,All,CS262,0,130,404,No
268,Kenya,2011,67,Cellular Subscribers,per 100 pop,All,All,CS263,0,130,404,No
269,Kenya,2010,62,Cellular Subscribers,per 100 pop,All,All,CS264,0,130,404,No
270,Kiribati,2012,16,Cellular Subscribers,per 100 pop,All,All,CS265,0,130,296,No
271,Kiribati,2011,14,Cellular Subscribers,per 100 pop,All,All,CS266,0,130,296,No
272,Kiribati,2010,10,Cellular Subscribers,per 100 pop,All,All,CS267,0,130,296,No
273,Kuwait,2012,157,Cellular Subscribers,per 100 pop,All,All,CS268,0,130,414,No
274,Kuwait,2011,175,Cellular Subscribers,per 100 pop,All,All,CS269,0,130,414,No
275,Kuwait,2010,161,Cellular Subscribers,per 100 pop,All,All,CS270,0,130,414,No
276,Kyrgyzstan,2012,124,Cellular Subscribers,per 100 pop,All,All,CS271,0,130,417,No
277,Kyrgyzstan,2011,116,Cellular Subscribers,per 100 pop,All,All,CS272,0,130,417,No
278,Kyrgyzstan,2010,99,Cellular Subscribers,per 100 pop,All,All,CS273,0,130,417,No
279,Lao Peoples Democratic Republic,2012,65,Cellular Subscribers,per 100 pop,All,All,CS274,0,130,418,No
280,Lao Peoples Democratic Republic,2011,87,Cellular Subscribers,per 100 pop,All,All,CS275,0,130,418,No
281,Lao Peoples Democratic Republic,2010,65,Cellular Subscribers,per 100 pop,All,All,CS276,0,130,418,No
282,Latvia,2012,112,Cellular Subscribers,per 100 pop,All,All,CS277,0,130,428,No
283,Latvia,2011,103,Cellular Subscribers,per 100 pop,All,All,CS278,0,130,428,No
284,Latvia,2010,102,Cellular Subscribers,per 100 pop,All,All,CS279,0,130,428,No
285,Lebanon,2012,81,Cellular Subscribers,per 100 pop,All,All,CS280,0,130,422,No
286,Lebanon,2011,79,Cellular Subscribers,per 100 pop,All,All,CS281,0,130,422,No
287,Lebanon,2010,68,Cellular Subscribers,per 100 pop,All,All,CS282,0,130,422,No
288,Lesotho,2012,75,Cellular Subscribers,per 100 pop,All,All,CS283,0,130,426,No
289,Lesotho,2011,56,Cellular Subscribers,per 100 pop,All,All,CS284,0,130,426,No
290,Lesotho,2010,45,Cellular Subscribers,per 100 pop,All,All,CS285,0,130,426,No
291,Liberia,2012,57,Cellular Subscribers,per 100 pop,All,All,CS286,0,130,430,No
292,Liberia,2011,49,Cellular Subscribers,per 100 pop,All,All,CS287,0,130,430,No
293,Liberia,2010,39,Cellular Subscribers,per 100 pop,All,All,CS288,0,130,430,No
294,Libya,2012,156,Cellular Subscribers,per 100 pop,All,All,CS289,0,130,434,No
295,Libya,2011,156,Cellular Subscribers,per 100 pop,All,All,CS290,0,130,434,No
296,Libya,2010,172,Cellular Subscribers,per 100 pop,All,All,CS291,0,130,434,No
297,Lithuania,2012,165,Cellular Subscribers,per 100 pop,All,All,CS292,0,130,440,No
298,Lithuania,2011,151,Cellular Subscribers,per 100 pop,All,All,CS293,0,130,440,No
299,Lithuania,2010,147,Cellular Subscribers,per 100 pop,All,All,CS294,0,130,440,No
300,Luxembourg,2012,145,Cellular Subscribers,per 100 pop,All,All,CS295,0,130,442,No
301,Luxembourg,2011,148,Cellular Subscribers,per 100 pop,All,All,CS296,0,130,442,No
302,Luxembourg,2010,143,Cellular Subscribers,per 100 pop,All,All,CS297,0,130,442,No
303,Madagascar,2012,39,Cellular Subscribers,per 100 pop,All,All,CS298,0,130,450,No
304,Madagascar,2011,41,Cellular Subscribers,per 100 pop,All,All,CS299,0,130,450,No
305,Madagascar,2010,37,Cellular Subscribers,per 100 pop,All,All,CS300,0,130,450,No
306,Malawi,2012,29,Cellular Subscribers,per 100 pop,All,All,CS301,0,130,454,No
307,Malawi,2011,26,Cellular Subscribers,per 100 pop,All,All,CS302,0,130,454,No
308,Malawi,2010,20,Cellular Subscribers,per 100 pop,All,All,CS303,0,130,454,No
309,Malaysia,2012,141,Cellular Subscribers,per 100 pop,All,All,CS304,0,130,458,No
310,Malaysia,2011,127,Cellular Subscribers,per 100 pop,All,All,CS305,0,130,458,No
311,Malaysia,2010,119,Cellular Subscribers,per 100 pop,All,All,CS306,0,130,458,No
312,Maldives,2012,166,Cellular Subscribers,per 100 pop,All,All,CS307,0,130,462,No
313,Maldives,2011,166,Cellular Subscribers,per 100 pop,All,All,CS308,0,130,462,No
314,Maldives,2010,157,Cellular Subscribers,per 100 pop,All,All,CS309,0,130,462,No
315,Mali,2012,98,Cellular Subscribers,per 100 pop,All,All,CS310,0,130,466,No
316,Mali,2011,68,Cellular Subscribers,per 100 pop,All,All,CS311,0,130,466,No
317,Mali,2010,48,Cellular Subscribers,per 100 pop,All,All,CS312,0,130,466,No
318,Malta,2012,127,Cellular Subscribers,per 100 pop,All,All,CS313,0,130,470,No
319,Malta,2011,125,Cellular Subscribers,per 100 pop,All,All,CS314,0,130,470,No
320,Malta,2010,109,Cellular Subscribers,per 100 pop,All,All,CS315,0,130,470,No
321,Marshall Islands,2010,7,Cellular Subscribers,per 100 pop,All,All,CS316,0,130,584,No
322,Mauritania,2012,106,Cellular Subscribers,per 100 pop,All,All,CS317,0,130,478,No
323,Mauritania,2011,94,Cellular Subscribers,per 100 pop,All,All,CS318,0,130,478,No
324,Mauritania,2010,79,Cellular Subscribers,per 100 pop,All,All,CS319,0,130,478,No
325,Mauritius,2012,120,Cellular Subscribers,per 100 pop,All,All,CS320,0,130,480,No
326,Mauritius,2011,99,Cellular Subscribers,per 100 pop,All,All,CS321,0,130,480,No
327,Mauritius,2010,92,Cellular Subscribers,per 100 pop,All,All,CS322,0,130,480,No
328,Mexico,2012,83,Cellular Subscribers,per 100 pop,All,All,CS323,0,130,484,No
329,Mexico,2011,82,Cellular Subscribers,per 100 pop,All,All,CS324,0,130,484,No
330,Mexico,2010,81,Cellular Subscribers,per 100 pop,All,All,CS325,0,130,484,No
331,Micronesia (Federated States of),2012,30,Cellular Subscribers,per 100 pop,All,All,CS326,0,130,583,No
332,Micronesia (Federated States of),2010,25,Cellular Subscribers,per 100 pop,All,All,CS327,0,130,583,No
333,Monaco,2012,88,Cellular Subscribers,per 100 pop,All,All,CS328,0,130,492,No
334,Monaco,2011,90,Cellular Subscribers,per 100 pop,All,All,CS329,0,130,492,No
335,Monaco,2010,74,Cellular Subscribers,per 100 pop,All,All,CS330,0,130,492,No
336,Mongolia,2012,121,Cellular Subscribers,per 100 pop,All,All,CS331,0,130,496,No
337,Mongolia,2011,105,Cellular Subscribers,per 100 pop,All,All,CS332,0,130,496,No
338,Mongolia,2010,91,Cellular Subscribers,per 100 pop,All,All,CS333,0,130,496,No
339,Montenegro,2012,181,Cellular Subscribers,per 100 pop,All,All,CS334,0,130,499,No
340,Montenegro,2010,185,Cellular Subscribers,per 100 pop,All,All,CS335,0,130,499,No
341,Morocco,2012,120,Cellular Subscribers,per 100 pop,All,All,CS336,0,130,504,No
342,Morocco,2011,113,Cellular Subscribers,per 100 pop,All,All,CS337,0,130,504,No
343,Morocco,2010,100,Cellular Subscribers,per 100 pop,All,All,CS338,0,130,504,No
344,Mozambique,2012,36,Cellular Subscribers,per 100 pop,All,All,CS339,0,130,508,No
345,Mozambique,2011,33,Cellular Subscribers,per 100 pop,All,All,CS340,0,130,508,No
346,Mozambique,2010,31,Cellular Subscribers,per 100 pop,All,All,CS341,0,130,508,No
347,Myanmar,2012,10,Cellular Subscribers,per 100 pop,All,All,CS342,0,130,104,No
348,Myanmar,2011,3,Cellular Subscribers,per 100 pop,All,All,CS343,0,130,104,No
349,Myanmar,2010,1,Cellular Subscribers,per 100 pop,All,All,CS344,0,130,104,No
350,Namibia,2012,95,Cellular Subscribers,per 100 pop,All,All,CS345,0,130,516,No
351,Namibia,2011,96,Cellular Subscribers,per 100 pop,All,All,CS346,0,130,516,No
352,Namibia,2010,67,Cellular Subscribers,per 100 pop,All,All,CS347,0,130,516,No
353,Nauru,2012,68,Cellular Subscribers,per 100 pop,All,All,CS348,0,130,520,No
354,Nauru,2011,65,Cellular Subscribers,per 100 pop,All,All,CS349,0,130,520,No
355,Nauru,2010,60,Cellular Subscribers,per 100 pop,All,All,CS350,0,130,520,No
356,Nepal,2012,60,Cellular Subscribers,per 100 pop,All,All,CS351,0,130,524,No
357,Nepal,2011,44,Cellular Subscribers,per 100 pop,All,All,CS352,0,130,524,No
358,Nepal,2010,31,Cellular Subscribers,per 100 pop,All,All,CS353,0,130,524,No
359,Netherlands,2012,118,Cellular Subscribers,per 100 pop,All,All,CS354,0,130,528,No
360,Netherlands,2010,115,Cellular Subscribers,per 100 pop,All,All,CS355,0,130,528,No
361,New Zealand,2012,110,Cellular Subscribers,per 100 pop,All,All,CS356,0,130,554,No
362,New Zealand,2012,110,Cellular Subscribers,per 100 pop,All,All,CS356,0,130,554,No
363,New Zealand,2011,109,Cellular Subscribers,per 100 pop,All,All,CS357,0,130,554,No
364,New Zealand,2011,109,Cellular Subscribers,per 100 pop,All,All,CS357,0,130,554,No
365,New Zealand,2010,115,Cellular Subscribers,per 100 pop,All,All,CS358,0,130,554,No
366,New Zealand,2010,115,Cellular Subscribers,per 100 pop,All,All,CS358,0,130,554,No
367,Nicaragua,2012,86,Cellular Subscribers,per 100 pop,All,All,CS359,0,130,558,No
368,Nicaragua,2011,82,Cellular Subscribers,per 100 pop,All,All,CS360,0,130,558,No
369,Nicaragua,2010,65,Cellular Subscribers,per 100 pop,All,All,CS361,0,130,558,No
370,Niger,2012,31,Cellular Subscribers,per 100 pop,All,All,CS362,0,130,562,No
371,Niger,2011,30,Cellular Subscribers,per 100 pop,All,All,CS363,0,130,562,No
372,Niger,2010,25,Cellular Subscribers,per 100 pop,All,All,CS364,0,130,562,No
373,Nigeria,2012,67,Cellular Subscribers,per 100 pop,All,All,CS365,0,130,566,No
374,Nigeria,2011,59,Cellular Subscribers,per 100 pop,All,All,CS366,0,130,566,No
375,Nigeria,2010,55,Cellular Subscribers,per 100 pop,All,All,CS367,0,130,566,No
376,Niue,2010,0,Cellular Subscribers,per 100 pop,All,All,CS368,0,130,570,No
377,Norway,2012,117,Cellular Subscribers,per 100 pop,All,All,CS369,0,130,578,No
378,Norway,2011,116,Cellular Subscribers,per 100 pop,All,All,CS370,0,130,578,No
379,Norway,2010,116,Cellular Subscribers,per 100 pop,All,All,CS371,0,130,578,No
380,Oman,2012,159,Cellular Subscribers,per 100 pop,All,All,CS372,0,130,512,No
381,Oman,2011,169,Cellular Subscribers,per 100 pop,All,All,CS373,0,130,512,No
382,Oman,2010,166,Cellular Subscribers,per 100 pop,All,All,CS374,0,130,512,No
383,Pakistan,2012,67,Cellular Subscribers,per 100 pop,All,All,CS375,0,130,586,No
384,Pakistan,2011,62,Cellular Subscribers,per 100 pop,All,All,CS376,0,130,586,No
385,Pakistan,2010,57,Cellular Subscribers,per 100 pop,All,All,CS377,0,130,586,No
386,Palau,2012,83,Cellular Subscribers,per 100 pop,All,All,CS378,0,130,585,No
387,Palau,2011,75,Cellular Subscribers,per 100 pop,All,All,CS379,0,130,585,No
388,Palau,2010,71,Cellular Subscribers,per 100 pop,All,All,CS380,0,130,585,No
389,Panama,2012,178,Cellular Subscribers,per 100 pop,All,All,CS381,0,130,591,No
390,Panama,2012,178,Cellular Subscribers,per 100 pop,All,All,CS381,0,130,590,No
391,Panama,2011,189,Cellular Subscribers,per 100 pop,All,All,CS382,0,130,591,No
392,Panama,2011,189,Cellular Subscribers,per 100 pop,All,All,CS382,0,130,590,No
393,Panama,2010,185,Cellular Subscribers,per 100 pop,All,All,CS383,0,130,591,No
394,Panama,2010,185,Cellular Subscribers,per 100 pop,All,All,CS383,0,130,590,No
395,Papua New Guinea,2012,38,Cellular Subscribers,per 100 pop,All,All,CS384,0,130,598,No
396,Papua New Guinea,2011,34,Cellular Subscribers,per 100 pop,All,All,CS385,0,130,598,No
397,Papua New Guinea,2010,28,Cellular Subscribers,per 100 pop,All,All,CS386,0,130,598,No
398,Paraguay,2012,102,Cellular Subscribers,per 100 pop,All,All,CS387,0,130,600,No
399,Paraguay,2011,99,Cellular Subscribers,per 100 pop,All,All,CS388,0,130,600,No
400,Paraguay,2010,92,Cellular Subscribers,per 100 pop,All,All,CS389,0,130,600,No
401,Peru,2012,98,Cellular Subscribers,per 100 pop,All,All,CS390,0,130,604,No
402,Peru,2011,110,Cellular Subscribers,per 100 pop,All,All,CS391,0,130,604,No
403,Peru,2010,100,Cellular Subscribers,per 100 pop,All,All,CS392,0,130,604,No
404,Philippines,2012,107,Cellular Subscribers,per 100 pop,All,All,CS393,0,130,608,No
405,Philippines,2011,99,Cellular Subscribers,per 100 pop,All,All,CS394,0,130,608,No
406,Philippines,2010,86,Cellular Subscribers,per 100 pop,All,All,CS395,0,130,608,No
407,Poland,2012,140,Cellular Subscribers,per 100 pop,All,All,CS396,0,130,616,No
408,Poland,2011,131,Cellular Subscribers,per 100 pop,All,All,CS397,0,130,616,No
409,Poland,2010,123,Cellular Subscribers,per 100 pop,All,All,CS398,0,130,616,No
410,Portugal,2012,116,Cellular Subscribers,per 100 pop,All,All,CS399,0,130,620,No
411,Portugal,2011,115,Cellular Subscribers,per 100 pop,All,All,CS400,0,130,620,No
412,Portugal,2010,142,Cellular Subscribers,per 100 pop,All,All,CS401,0,130,620,No
413,Qatar,2012,127,Cellular Subscribers,per 100 pop,All,All,CS402,0,130,634,No
414,Qatar,2011,123,Cellular Subscribers,per 100 pop,All,All,CS403,0,130,634,No
415,Qatar,2010,132,Cellular Subscribers,per 100 pop,All,All,CS404,0,130,634,No
416,Republic of Korea,2012,109,Cellular Subscribers,per 100 pop,All,All,CS405,0,130,410,No
417,Republic of Korea,2011,109,Cellular Subscribers,per 100 pop,All,All,CS406,0,130,410,No
418,Republic of Korea,2010,105,Cellular Subscribers,per 100 pop,All,All,CS407,0,130,410,No
419,Republic of Moldova,2012,102,Cellular Subscribers,per 100 pop,All,All,CS408,0,130,498,No
420,Republic of Moldova,2011,105,Cellular Subscribers,per 100 pop,All,All,CS409,0,130,498,No
421,Republic of Moldova,2010,89,Cellular Subscribers,per 100 pop,All,All,CS410,0,130,498,No
422,Romania,2012,105,Cellular Subscribers,per 100 pop,All,All,CS411,0,130,642,No
423,Romania,2011,109,Cellular Subscribers,per 100 pop,All,All,CS412,0,130,642,No
424,Romania,2010,115,Cellular Subscribers,per 100 pop,All,All,CS413,0,130,642,No
425,Russian Federation,2012,183,Cellular Subscribers,per 100 pop,All,All,CS414,0,130,643,No
426,Russian Federation,2011,179,Cellular Subscribers,per 100 pop,All,All,CS415,0,130,643,No
427,Russian Federation,2010,166,Cellular Subscribers,per 100 pop,All,All,CS416,0,130,643,No
428,Rwanda,2012,50,Cellular Subscribers,per 100 pop,All,All,CS417,0,130,646,No
429,Rwanda,2011,41,Cellular Subscribers,per 100 pop,All,All,CS418,0,130,646,No
430,Rwanda,2010,33,Cellular Subscribers,per 100 pop,All,All,CS419,0,130,646,No
431,Saint Kitts and Nevis,2012,157,Cellular Subscribers,per 100 pop,All,All,CS420,0,130,659,No
432,Saint Kitts and Nevis,2010,153,Cellular Subscribers,per 100 pop,All,All,CS421,0,130,659,No
433,Saint Lucia,2012,126,Cellular Subscribers,per 100 pop,All,All,CS422,0,130,662,No
434,Saint Lucia,2011,123,Cellular Subscribers,per 100 pop,All,All,CS423,0,130,662,No
435,Saint Lucia,2010,114,Cellular Subscribers,per 100 pop,All,All,CS424,0,130,662,No
436,Saint Vincent and the Grenadines,2012,124,Cellular Subscribers,per 100 pop,All,All,CS425,0,130,670,No
437,Saint Vincent and the Grenadines,2011,121,Cellular Subscribers,per 100 pop,All,All,CS426,0,130,670,No
438,Saint Vincent and the Grenadines,2010,121,Cellular Subscribers,per 100 pop,All,All,CS427,0,130,670,No
439,Samoa,2010,91,Cellular Subscribers,per 100 pop,All,All,CS428,0,130,882,No
440,San Marino,2012,115,Cellular Subscribers,per 100 pop,All,All,CS429,0,130,674,No
441,San Marino,2011,112,Cellular Subscribers,per 100 pop,All,All,CS430,0,130,674,No
442,San Marino,2010,76,Cellular Subscribers,per 100 pop,All,All,CS431,0,130,674,No
443,Sao Tome and Principe,2012,65,Cellular Subscribers,per 100 pop,All,All,CS432,0,130,678,No
444,Sao Tome and Principe,2011,68,Cellular Subscribers,per 100 pop,All,All,CS433,0,130,678,No
445,Sao Tome and Principe,2010,62,Cellular Subscribers,per 100 pop,All,All,CS434,0,130,678,No
446,Saudi Arabia,2012,187,Cellular Subscribers,per 100 pop,All,All,CS435,0,130,682,No
447,Saudi Arabia,2011,191,Cellular Subscribers,per 100 pop,All,All,CS436,0,130,682,No
448,Saudi Arabia,2010,188,Cellular Subscribers,per 100 pop,All,All,CS437,0,130,682,No
449,Senegal,2012,84,Cellular Subscribers,per 100 pop,All,All,CS438,0,130,686,No
450,Senegal,2011,73,Cellular Subscribers,per 100 pop,All,All,CS439,0,130,686,No
451,Senegal,2010,67,Cellular Subscribers,per 100 pop,All,All,CS440,0,130,686,No
452,Serbia,2012,96,Cellular Subscribers,per 100 pop,All,All,CS441,0,130,688,No
453,Serbia,2011,125,Cellular Subscribers,per 100 pop,All,All,CS442,0,130,688,No
454,Serbia,2010,129,Cellular Subscribers,per 100 pop,All,All,CS443,0,130,688,No
455,Seychelles,2012,148,Cellular Subscribers,per 100 pop,All,All,CS444,0,130,690,No
456,Seychelles,2011,146,Cellular Subscribers,per 100 pop,All,All,CS445,0,130,690,No
457,Seychelles,2010,136,Cellular Subscribers,per 100 pop,All,All,CS446,0,130,690,No
458,Sierra Leone,2012,37,Cellular Subscribers,per 100 pop,All,All,CS447,0,130,694,No
459,Sierra Leone,2011,36,Cellular Subscribers,per 100 pop,All,All,CS448,0,130,694,No
460,Sierra Leone,2010,34,Cellular Subscribers,per 100 pop,All,All,CS449,0,130,694,No
461,Singapore,2012,152,Cellular Subscribers,per 100 pop,All,All,CS450,0,130,702,No
462,Singapore,2011,150,Cellular Subscribers,per 100 pop,All,All,CS451,0,130,702,No
463,Singapore,2010,145,Cellular Subscribers,per 100 pop,All,All,CS452,0,130,702,No
464,Slovakia,2012,112,Cellular Subscribers,per 100 pop,All,All,CS453,0,130,703,No
465,Slovakia,2011,109,Cellular Subscribers,per 100 pop,All,All,CS454,0,130,703,No
466,Slovakia,2010,108,Cellular Subscribers,per 100 pop,All,All,CS455,0,130,703,No
467,Slovenia,2012,109,Cellular Subscribers,per 100 pop,All,All,CS456,0,130,705,No
468,Slovenia,2011,107,Cellular Subscribers,per 100 pop,All,All,CS457,0,130,705,No
469,Slovenia,2010,105,Cellular Subscribers,per 100 pop,All,All,CS458,0,130,705,No
470,Solomon Islands,2012,55,Cellular Subscribers,per 100 pop,All,All,CS459,0,130,90,No
471,Solomon Islands,2011,50,Cellular Subscribers,per 100 pop,All,All,CS460,0,130,90,No
472,Solomon Islands,2010,6,Cellular Subscribers,per 100 pop,All,All,CS461,0,130,90,No
473,Somalia,2012,23,Cellular Subscribers,per 100 pop,All,All,CS462,0,130,706,No
474,Somalia,2011,7,Cellular Subscribers,per 100 pop,All,All,CS463,0,130,706,No
475,Somalia,2010,7,Cellular Subscribers,per 100 pop,All,All,CS464,0,130,706,No
476,South Africa,2012,131,Cellular Subscribers,per 100 pop,All,All,CS465,0,130,710,No
477,South Africa,2011,127,Cellular Subscribers,per 100 pop,All,All,CS466,0,130,710,No
478,South Africa,2010,100,Cellular Subscribers,per 100 pop,All,All,CS467,0,130,710,No
479,South Sudan,2012,21,Cellular Subscribers,per 100 pop,All,All,CS468,0,130,728,No
480,Spain,2012,108,Cellular Subscribers,per 100 pop,All,All,CS469,0,130,724,No
481,Spain,2011,113,Cellular Subscribers,per 100 pop,All,All,CS470,0,130,724,No
482,Spain,2010,112,Cellular Subscribers,per 100 pop,All,All,CS471,0,130,724,No
483,Sri Lanka,2012,92,Cellular Subscribers,per 100 pop,All,All,CS472,0,130,144,No
484,Sri Lanka,2011,87,Cellular Subscribers,per 100 pop,All,All,CS473,0,130,144,No
485,Sri Lanka,2010,83,Cellular Subscribers,per 100 pop,All,All,CS474,0,130,144,No
486,Sudan,2012,74,Cellular Subscribers,per 100 pop,All,All,CS475,0,130,729,No
487,Sudan,2012,74,Cellular Subscribers,per 100 pop,All,All,CS475,0,130,736,No
488,Sudan,2011,56,Cellular Subscribers,per 100 pop,All,All,CS476,0,130,729,No
489,Sudan,2011,56,Cellular Subscribers,per 100 pop,All,All,CS476,0,130,736,No
490,Sudan,2010,41,Cellular Subscribers,per 100 pop,All,All,CS477,0,130,729,No
491,Sudan,2010,41,Cellular Subscribers,per 100 pop,All,All,CS477,0,130,736,No
492,Suriname,2012,106,Cellular Subscribers,per 100 pop,All,All,CS478,0,130,740,No
493,Suriname,2011,179,Cellular Subscribers,per 100 pop,All,All,CS479,0,130,740,No
494,Suriname,2010,170,Cellular Subscribers,per 100 pop,All,All,CS480,0,130,740,No
495,Swaziland,2012,65,Cellular Subscribers,per 100 pop,All,All,CS481,0,130,748,No
496,Swaziland,2011,64,Cellular Subscribers,per 100 pop,All,All,CS482,0,130,748,No
497,Swaziland,2010,62,Cellular Subscribers,per 100 pop,All,All,CS483,0,130,748,No
498,Sweden,2012,125,Cellular Subscribers,per 100 pop,All,All,CS484,0,130,752,No
499,Sweden,2011,119,Cellular Subscribers,per 100 pop,All,All,CS485,0,130,752,No
500,Sweden,2010,116,Cellular Subscribers,per 100 pop,All,All,CS486,0,130,752,No
501,Switzerland,2012,130,Cellular Subscribers,per 100 pop,All,All,CS487,0,130,756,No
502,Switzerland,2012,130,Cellular Subscribers,per 100 pop,All,All,CS487,0,130,756,No
503,Switzerland,2011,131,Cellular Subscribers,per 100 pop,All,All,CS488,0,130,756,No
504,Switzerland,2011,131,Cellular Subscribers,per 100 pop,All,All,CS488,0,130,756,No
505,Switzerland,2010,124,Cellular Subscribers,per 100 pop,All,All,CS489,0,130,756,No
506,Switzerland,2010,124,Cellular Subscribers,per 100 pop,All,All,CS489,0,130,756,No
507,Syrian Arab Republic,2012,59,Cellular Subscribers,per 100 pop,All,All,CS490,0,130,760,No
508,Syrian Arab Republic,2011,63,Cellular Subscribers,per 100 pop,All,All,CS491,0,130,760,No
509,Syrian Arab Republic,2010,58,Cellular Subscribers,per 100 pop,All,All,CS492,0,130,760,No
510,Tajikistan,2012,82,Cellular Subscribers,per 100 pop,All,All,CS493,0,130,762,No
511,Tajikistan,2011,91,Cellular Subscribers,per 100 pop,All,All,CS494,0,130,762,No
512,Tajikistan,2010,86,Cellular Subscribers,per 100 pop,All,All,CS495,0,130,762,No
513,Thailand,2012,127,Cellular Subscribers,per 100 pop,All,All,CS496,0,130,764,No
514,Thailand,2011,112,Cellular Subscribers,per 100 pop,All,All,CS497,0,130,764,No
515,Thailand,2010,104,Cellular Subscribers,per 100 pop,All,All,CS498,0,130,764,No
516,The former Yugoslav Republic of Macedonia,2012,106,Cellular Subscribers,per 100 pop,All,All,CS499,0,130,807,No
517,The former Yugoslav Republic of Macedonia,2011,107,Cellular Subscribers,per 100 pop,All,All,CS500,0,130,807,No
518,The former Yugoslav Republic of Macedonia,2010,105,Cellular Subscribers,per 100 pop,All,All,CS501,0,130,807,No
519,Timor-Leste,2012,56,Cellular Subscribers,per 100 pop,All,All,CS502,0,130,626,No
520,Timor-Leste,2011,53,Cellular Subscribers,per 100 pop,All,All,CS503,0,130,626,No
521,Timor-Leste,2010,53,Cellular Subscribers,per 100 pop,All,All,CS504,0,130,626,No
522,Togo,2012,50,Cellular Subscribers,per 100 pop,All,All,CS505,0,130,768,No
523,Togo,2011,50,Cellular Subscribers,per 100 pop,All,All,CS506,0,130,768,No
524,Togo,2010,41,Cellular Subscribers,per 100 pop,All,All,CS507,0,130,768,No
525,Tonga,2012,53,Cellular Subscribers,per 100 pop,All,All,CS508,0,130,776,No
526,Tonga,2011,53,Cellular Subscribers,per 100 pop,All,All,CS509,0,130,776,No
527,Tonga,2010,52,Cellular Subscribers,per 100 pop,All,All,CS510,0,130,776,No
528,Trinidad and Tobago,2012,141,Cellular Subscribers,per 100 pop,All,All,CS511,0,130,780,No
529,Trinidad and Tobago,2011,136,Cellular Subscribers,per 100 pop,All,All,CS512,0,130,780,No
530,Trinidad and Tobago,2010,141,Cellular Subscribers,per 100 pop,All,All,CS513,0,130,780,No
531,Tunisia,2012,118,Cellular Subscribers,per 100 pop,All,All,CS514,0,130,788,No
532,Tunisia,2011,117,Cellular Subscribers,per 100 pop,All,All,CS515,0,130,788,No
533,Tunisia,2010,106,Cellular Subscribers,per 100 pop,All,All,CS516,0,130,788,No
534,Turkey,2012,91,Cellular Subscribers,per 100 pop,All,All,CS517,0,130,792,No
535,Turkey,2011,89,Cellular Subscribers,per 100 pop,All,All,CS518,0,130,792,No
536,Turkey,2010,85,Cellular Subscribers,per 100 pop,All,All,CS519,0,130,792,No
537,Turkmenistan,2012,76,Cellular Subscribers,per 100 pop,All,All,CS520,0,130,795,No
538,Turkmenistan,2011,69,Cellular Subscribers,per 100 pop,All,All,CS521,0,130,795,No
539,Turkmenistan,2010,63,Cellular Subscribers,per 100 pop,All,All,CS522,0,130,795,No
540,Tuvalu,2012,28,Cellular Subscribers,per 100 pop,All,All,CS523,0,130,798,No
541,Tuvalu,2011,22,Cellular Subscribers,per 100 pop,All,All,CS524,0,130,798,No
542,Tuvalu,2010,25,Cellular Subscribers,per 100 pop,All,All,CS525,0,130,798,No
543,Uganda,2012,45,Cellular Subscribers,per 100 pop,All,All,CS526,0,130,800,No
544,Uganda,2011,48,Cellular Subscribers,per 100 pop,All,All,CS527,0,130,800,No
545,Uganda,2010,38,Cellular Subscribers,per 100 pop,All,All,CS528,0,130,800,No
546,Ukraine,2012,130,Cellular Subscribers,per 100 pop,All,All,CS529,0,130,804,No
547,Ukraine,2011,123,Cellular Subscribers,per 100 pop,All,All,CS530,0,130,804,No
548,Ukraine,2010,119,Cellular Subscribers,per 100 pop,All,All,CS531,0,130,804,No
549,United Arab Emirates,2012,150,Cellular Subscribers,per 100 pop,All,All,CS532,0,130,784,No
550,United Arab Emirates,2011,149,Cellular Subscribers,per 100 pop,All,All,CS533,0,130,784,No
551,United Arab Emirates,2010,145,Cellular Subscribers,per 100 pop,All,All,CS534,0,130,784,No
552,United Kingdom,2012,135,Cellular Subscribers,per 100 pop,All,All,CS535,0,130,826,No
553,United Kingdom,2011,131,Cellular Subscribers,per 100 pop,All,All,CS536,0,130,826,No
554,United Kingdom,2010,131,Cellular Subscribers,per 100 pop,All,All,CS537,0,130,826,No
555,United Republic of Tanzania,2012,57,Cellular Subscribers,per 100 pop,All,All,CS538,0,130,834,No
556,United Republic of Tanzania,2011,56,Cellular Subscribers,per 100 pop,All,All,CS539,0,130,834,No
557,United Republic of Tanzania,2010,47,Cellular Subscribers,per 100 pop,All,All,CS540,0,130,834,No
558,United States of America,2012,95,Cellular Subscribers,per 100 pop,All,All,CS541,0,130,840,No
559,United States of America,2011,93,Cellular Subscribers,per 100 pop,All,All,CS542,0,130,840,No
560,United States of America,2010,90,Cellular Subscribers,per 100 pop,All,All,CS543,0,130,840,No
561,Uruguay,2012,147,Cellular Subscribers,per 100 pop,All,All,CS544,0,130,858,No
562,Uruguay,2011,141,Cellular Subscribers,per 100 pop,All,All,CS545,0,130,858,No
563,Uruguay,2010,132,Cellular Subscribers,per 100 pop,All,All,CS546,0,130,858,No
564,Uzbekistan,2012,71,Cellular Subscribers,per 100 pop,All,All,CS547,0,130,860,No
565,Uzbekistan,2011,92,Cellular Subscribers,per 100 pop,All,All,CS548,0,130,860,No
566,Uzbekistan,2010,76,Cellular Subscribers,per 100 pop,All,All,CS549,0,130,860,No
567,Vanuatu,2012,59,Cellular Subscribers,per 100 pop,All,All,CS550,0,130,548,No
568,Vanuatu,2011,56,Cellular Subscribers,per 100 pop,All,All,CS551,0,130,548,No
569,Vanuatu,2010,119,Cellular Subscribers,per 100 pop,All,All,CS552,0,130,548,No
570,Venezuela (Bolivarian Republic of),2012,102,Cellular Subscribers,per 100 pop,All,All,CS553,0,130,862,No
571,Venezuela (Bolivarian Republic of),2011,98,Cellular Subscribers,per 100 pop,All,All,CS554,0,130,862,No
572,Venezuela (Bolivarian Republic of),2010,96,Cellular Subscribers,per 100 pop,All,All,CS555,0,130,862,No
573,Viet Nam,2012,148,Cellular Subscribers,per 100 pop,All,All,CS556,0,130,704,No
574,Viet Nam,2011,143,Cellular Subscribers,per 100 pop,All,All,CS557,0,130,704,No
575,Viet Nam,2010,175,Cellular Subscribers,per 100 pop,All,All,CS558,0,130,704,No
576,Yemen,2012,58,Cellular Subscribers,per 100 pop,All,All,CS559,0,130,887,No
577,Yemen,2012,58,Cellular Subscribers,per 100 pop,All,All,CS559,0,130,886,No
578,Yemen,2011,47,Cellular Subscribers,per 100 pop,All,All,CS560,0,130,887,No
579,Yemen,2011,47,Cellular Subscribers,per 100 pop,All,All,CS560,0,130,886,No
580,Yemen,2010,46,Cellular Subscribers,per 100 pop,All,All,CS561,0,130,887,No
581,Yemen,2010,46,Cellular Subscribers,per 100 pop,All,All,CS561,0,130,886,No
582,Zambia,2012,75,Cellular Subscribers,per 100 pop,All,All,CS562,0,130,894,No
583,Zambia,2011,61,Cellular Subscribers,per 100 pop,All,All,CS563,0,130,894,No
584,Zambia,2010,42,Cellular Subscribers,per 100 pop,All,All,CS564,0,130,894,No
585,Zimbabwe,2012,92,Cellular Subscribers,per 100 pop,All,All,CS565,0,130,716,No
586,Zimbabwe,2011,72,Cellular Subscribers,per 100 pop,All,All,CS566,0,130,716,No
587,Zimbabwe,2010,61,Cellular Subscribers,per 100 pop,All,All,CS567,0,130,716,No
